{
    "features": [
        "attack_count",
        "max_stage",
        "kill_count",
        "damage_dealt",
        "damage_taken",
        "death_count",
        "skill_usage_freq",
        "dash_count",
        "hit_count",
        "healing_amount",
        "playtime"
    ],
    "scaler_min": [
        67.0,
        13.0,
        33.0,
        5189.0,
        955.0,
        1.0,
        17.0,
        8.0,
        52.0,
        130.0,
        1702.0
    ],
    "scaler_max": [
        123.0,
        25.0,
        62.0,
        16964.0,
        2561.0,
        9.0,
        29.0,
        14.0,
        103.0,
        897.0,
        4993.0
    ],
    "cluster_centers": [
        [
            6.86607142857143,
            4.75,
            1.4655172413793105,
            5.869171974522293,
            2.5859277708592776,
            6.0625,
            1.75,
            1.75,
            9.911764705882353,
            6.908083441981748,
            5.5
        ],
        [
            5.660714285714286,
            9.625,
            5.655172413793105,
            5.5,
            4.614570361145704,
            8.3125,
            9.625,
            7.0,
            2.852941176470588,
            3.0769230769230766,
            6.703281677301732
        ],
        [
            1.0,
            1.0,
            4.413793103448276,
            8.923057324840764,
            10.0,
            1.0,
            1.75,
            10.0,
            9.823529411764705,
            10.0,
            2.8076572470373744
        ]
    ],
    "recommendations": {
        "0": [
            NaN
        ],
        "1": [
            NaN
        ],
        "2": [
            NaN
        ]
    }
}