{
    "features": [
        "attack_count",
        "max_stage",
        "kill_count",
        "damage_dealt",
        "damage_taken",
        "death_count",
        "skill_usage_freq",
        "dash_count",
        "hit_count",
        "healing_amount",
        "playtime"
    ],
    "scaler_min": [
        81.0,
        17.0,
        35.5,
        8050.0,
        1125.0,
        0.5,
        13.5,
        7.5,
        66.5,
        242.5,
        2325.0
    ],
    "scaler_max": [
        127.5,
        24.0,
        62.5,
        11850.0,
        1550.0,
        2.5,
        24.0,
        11.5,
        89.0,
        340.0,
        3950.0
    ],
    "cluster_centers": [
        [
            4.677419354838709,
            5.500000000000002,
            5.4333333333333345,
            5.33421052631579,
            8.337647058823528,
            7.3,
            5.885714285714284,
            6.175,
            5.919999999999999,
            4.8307692307692305,
            4.24
        ],
        [
            8.79032258064516,
            9.67857142857143,
            8.583333333333334,
            8.875,
            2.3235294117647047,
            2.125,
            8.714285714285714,
            9.4375,
            9.0,
            8.153846153846153,
            7.369230769230768
        ],
        [
            1.8709677419354827,
            2.2857142857142874,
            2.111111111111112,
            2.0657894736842115,
            5.976470588235293,
            7.75,
            2.5714285714285716,
            2.875,
            2.866666666666667,
            2.23076923076923,
            1.738461538461539
        ]
    ],
    "recommendations": {
        "0": [
            "AbilityAttackOnParry",
            "AbilityHealOnParry",
            "AbilityStunOnParry"
        ],
        "1": [
            "AbilityHealOnParry",
            "AbilityAttackOnParry",
            "AbilityStunOnParry"
        ],
        "2": [
            "AbilityHealOnParry",
            "AbilityAttackOnParry",
            "AbilityStunOnParry"
        ]
    }
}